unique_id,metric,iTransformer,TSMixer,NHITS,PatchTST
OT,mae,0.19387281727564334,0.17838810595847002,0.2507953790950705,0.1799437891490644
OT,mse,0.06323617660499158,0.054583286381902005,0.10565981482342043,0.05611116635792889
