unique_id,metric,iTransformer,TSMixer,NHITS,PatchTST
OT,mae,0.2963247281182692,0.28530843925393723,0.30035532879869314,0.27900346828422606
OT,mse,0.1438936617963448,0.13512959252820436,0.14940199129361306,0.12909257108482214
