unique_id,metric,iTransformer,TSMixer,NHITS,PatchTST
OT,mae,0.13022319476707575,0.12323416935830205,0.23639791167580737,0.12124756552703729
OT,mse,0.029581915347988555,0.02711809918437047,0.0927047256644072,0.026529595004119645
