unique_id,metric,iTransformer,TSMixer,NHITS,PatchTST
OT,mae,0.20229745493379123,0.18814015263571773,0.20901103685032354,0.17802940698240696
OT,mse,0.07308534343181977,0.06646968085116912,0.08149058887234711,0.06276516126340648
